canonical_filename,original_filename,ticker,fiscal_period,published_at,source,document_type,source_url,sha256
AMAT__FY2020-Q3__2020-08-13__investor_relations__earnings_call_prepared_remarks.pdf,Q3 2020 Earnings Call Published.pdf,AMAT,FY2020-Q3,2020-08-13,investor_relations,earnings_call_prepared_remarks,https://ir.appliedmaterials.com/financial-information/quarterly-results,3c2e042eb00bbfb3e147dcd42f647a1dd47058b2730773a99e8818b210fa85c2
AMAT__FY2020-Q4__2020-11-12__investor_relations__earnings_call_prepared_remarks.pdf,Q4 2020 Earnings Call Published.pdf,AMAT,FY2020-Q4,2020-11-12,investor_relations,earnings_call_prepared_remarks,https://ir.appliedmaterials.com/financial-information/quarterly-results,9291e94c3d96c727c3bb6b6eff586da7d67a957c40a7582efe3e9a2ba0bcaae9
AMAT__FY2021-Q1__2021-02-18__investor_relations__earnings_call_prepared_remarks.pdf,Q1 2021 Earnings Call Published Script.pdf,AMAT,FY2021-Q1,2021-02-18,investor_relations,earnings_call_prepared_remarks,https://ir.appliedmaterials.com/financial-information/quarterly-results,3f410914646399ae5dc45515097b200f0db71e81b920f0b921c0f4dded2edbe3
AMAT__FY2021-Q2__2021-05-20__investor_relations__earnings_call_prepared_remarks.pdf,Q2 2021 Earnings Call Published Script.pdf,AMAT,FY2021-Q2,2021-05-20,investor_relations,earnings_call_prepared_remarks,https://ir.appliedmaterials.com/financial-information/quarterly-results,7b65bb250a78d7ab61a88b4429fa7a467229f9db48cd85c20bacc66156a37e18
AMAT__FY2021-Q3__2021-08-19__investor_relations__earnings_call_prepared_remarks.pdf,Q3 2021 Earnings Call Published Script.pdf,AMAT,FY2021-Q3,2021-08-19,investor_relations,earnings_call_prepared_remarks,https://ir.appliedmaterials.com/financial-information/quarterly-results,ff96316d08aed888bfd5f9066572b7602a4ad6c53fffaf5adbc5c5ebe3df5465
AMAT__FY2021-Q4__2021-11-18__investor_relations__earnings_call_prepared_remarks.pdf,Q4 2021 Earnings Call Published Script.pdf,AMAT,FY2021-Q4,2021-11-18,investor_relations,earnings_call_prepared_remarks,https://ir.appliedmaterials.com/financial-information/quarterly-results,e2dea52b311c726f81eed06dea579f4a4ef7ce8e8d3c0b365a1ae40121040db8
AMAT__FY2022-Q1__2022-02-16__investor_relations__earnings_call_prepared_remarks.pdf,Q1 2022 Earnings Call Published Script.pdf,AMAT,FY2022-Q1,2022-02-16,investor_relations,earnings_call_prepared_remarks,https://ir.appliedmaterials.com/financial-information/quarterly-results,4d701006d3d712473b7184729126a2d90bb680912c495c54bfcdabe4ea5e5b8c
AMAT__FY2022-Q2__2022-05-19__investor_relations__earnings_call_prepared_remarks.pdf,Q2 2022 Earnings Call Published Script.pdf,AMAT,FY2022-Q2,2022-05-19,investor_relations,earnings_call_prepared_remarks,https://ir.appliedmaterials.com/financial-information/quarterly-results,5b05316fb366d0ffdd127c755d20b679d7137686842e32de5b4317117e364cd8
AMAT__FY2022-Q3__2022-08-18__investor_relations__earnings_call_prepared_remarks.pdf,Q3 2022 Earnings Call Published Script.pdf,AMAT,FY2022-Q3,2022-08-18,investor_relations,earnings_call_prepared_remarks,https://ir.appliedmaterials.com/financial-information/quarterly-results,bf19cb9cc4c1d6e705f979d4c55003eac9e9f8d515d28009b47a959eff62b5ca
AMAT__FY2022-Q4__2022-11-17__investor_relations__earnings_call_prepared_remarks.pdf,Q4 2022 Earnings Call Published Script.pdf,AMAT,FY2022-Q4,2022-11-17,investor_relations,earnings_call_prepared_remarks,https://ir.appliedmaterials.com/financial-information/quarterly-results,3247a59d7a82c31659cccf1781a7112b05e245c356ae9f2487ee124f716b6562
AMAT__FY2023-Q1__2023-02-16__investor_relations__earnings_call_prepared_remarks.pdf,Q1 2023 Earnings Call Published Script.pdf,AMAT,FY2023-Q1,2023-02-16,investor_relations,earnings_call_prepared_remarks,https://ir.appliedmaterials.com/financial-information/quarterly-results,00f7327d552be30e8a025e5d6915f7085f17dbb9c19190f5faa3efd9080b2e89
AMAT__FY2023-Q2__2023-05-18__investor_relations__earnings_call_prepared_remarks.pdf,Q2 2023 Earnings Call Published Script.pdf,AMAT,FY2023-Q2,2023-05-18,investor_relations,earnings_call_prepared_remarks,https://ir.appliedmaterials.com/financial-information/quarterly-results,c167583a9a811c39edd381a70b5c5b8acb10cedfdd51ba9110fe0348d46c6dcd
AMAT__FY2023-Q3__2023-08-17__investor_relations__earnings_call_prepared_remarks.pdf,Q3 2023 Earnings Call Published Script.pdf,AMAT,FY2023-Q3,2023-08-17,investor_relations,earnings_call_prepared_remarks,https://ir.appliedmaterials.com/financial-information/quarterly-results,45f2b8a4e3ba94ac9c1b0e13e3612394aae2299d0c0c3ba8d9b79215fe918be3
AMAT__FY2023-Q4__2023-11-16__investor_relations__earnings_call_prepared_remarks.pdf,Q4 2023 Earnings Call Published Script.pdf,AMAT,FY2023-Q4,2023-11-16,investor_relations,earnings_call_prepared_remarks,https://ir.appliedmaterials.com/financial-information/quarterly-results,583d26ad9a87da437ac6ff9b876b154d5cde818946659562041bc20232cedfef
AMAT__FY2024-Q1__2024-02-15__investor_relations__earnings_call_prepared_remarks.pdf,Q1 2024 Earnings Call Published Script.pdf,AMAT,FY2024-Q1,2024-02-15,investor_relations,earnings_call_prepared_remarks,https://ir.appliedmaterials.com/financial-information/quarterly-results,7e88127955f867931c9dc1ae64970b25fbbd8db80c83eac39cb6b62189e8a55a
AMAT__FY2024-Q2__2024-05-16__investor_relations__earnings_call_prepared_remarks.pdf,Q2 2024 Earnings Call Published Script.pdf,AMAT,FY2024-Q2,2024-05-16,investor_relations,earnings_call_prepared_remarks,https://ir.appliedmaterials.com/financial-information/quarterly-results,306ff88adf94c04a10fe76b31c1ead97704a625d641f8a2dd65f4de336bb6fa9
AMAT__FY2024-Q3__2024-08-15__investor_relations__earnings_call_prepared_remarks.pdf,Q3 2024 Earnings Call Published Script.pdf,AMAT,FY2024-Q3,2024-08-15,investor_relations,earnings_call_prepared_remarks,https://ir.appliedmaterials.com/financial-information/quarterly-results,8b758bbb4b558ae7008e971f62290fb3b4c2412fcbfe35f0fe827110b043cd17
AMAT__FY2024-Q4__2024-11-14__investor_relations__earnings_call_prepared_remarks.pdf,Q4 2024 Earnings Call Published Script.pdf,AMAT,FY2024-Q4,2024-11-14,investor_relations,earnings_call_prepared_remarks,https://ir.appliedmaterials.com/financial-information/quarterly-results,cae437b5c385d7282f360ac5fe5fe960d79a4b90197cc473b834eb185230e524
AMAT__FY2025-Q1__2025-02-13__investor_relations__earnings_call_prepared_remarks.pdf,Q1 2025 Earnings Call Published Script.pdf,AMAT,FY2025-Q1,2025-02-13,investor_relations,earnings_call_prepared_remarks,https://ir.appliedmaterials.com/financial-information/quarterly-results,c8d9ce542207ed57bf8c3755abd5f9e3376a40e9ad2bedd0af63087795d69365
AMAT__FY2025-Q2__2025-05-15__investor_relations__earnings_call_prepared_remarks.pdf,Q2 2025 Earnings Call Published Script.pdf,AMAT,FY2025-Q2,2025-05-15,investor_relations,earnings_call_prepared_remarks,https://ir.appliedmaterials.com/financial-information/quarterly-results,3ca15dcbe657977b2501fa0c6c1d1fa72f6604fae1e0ba0a69999236a9175bb5
AMAT__FY2025-Q3__2025-08-14__investor_relations__earnings_call_prepared_remarks.pdf,Q3 2025 Earnings Call Published Script.pdf,AMAT,FY2025-Q3,2025-08-14,investor_relations,earnings_call_prepared_remarks,https://ir.appliedmaterials.com/financial-information/quarterly-results,643ab9640ccc87786f71ee524390087a2a5818e85bf4536319f53ebb273bc9d2
AMAT__FY2025-Q4__2025-11-13__investor_relations__earnings_call_prepared_remarks.pdf,Q4 2025 Earnings Call Published Script.pdf,AMAT,FY2025-Q4,2025-11-13,investor_relations,earnings_call_prepared_remarks,https://ir.appliedmaterials.com/financial-information/quarterly-results,a2e8b0e74de20f01ab0d79ada0e216f890917c867b4beb9288af4f16119278a2
AMAT__FY2026-Q1__2026-02-12__investor_relations__earnings_call_prepared_remarks.pdf,Q1 2026 Earnings Call Published Script.pdf,AMAT,FY2026-Q1,2026-02-12,investor_relations,earnings_call_prepared_remarks,https://ir.appliedmaterials.com/financial-information/quarterly-results,27695b97b7e5103f2a19ffe09388ff0572a95a0a1ccf21b9ed03a68c95555dcf
AMAT__FY2026-Q2__2026-05-14__investor_relations__earnings_call_prepared_remarks.pdf,Q2 2026 Earnings Call Published Script.pdf,AMAT,FY2026-Q2,2026-05-14,investor_relations,earnings_call_prepared_remarks,https://ir.appliedmaterials.com/financial-information/quarterly-results,1a2e05cb830c3f89e876aad8991e53597f45812608ba833487711caafd855701
AMAT__FY2026-Q3__2026-08-13__investor_relations__earnings_call_prepared_remarks.pdf,Q3 2026 Earnings Call Published Script.pdf,AMAT,FY2026-Q3,2026-08-13,investor_relations,earnings_call_prepared_remarks,https://ir.appliedmaterials.com/financial-information/quarterly-results,6182f9582c7def32bee2a0f77f2675ccdc757e4f152e1c35c63794da72afc244
